{
  "inputs": {
    "latest_revenue": 6282000000.0,
    "net_debt": 281300000.0,
    "shares_outstanding": 399749260.0,
    "current_price": 20.53
  },
  "scenarios": {
    "base": {
      "enterprise_value": 5313618720.512321,
      "equity_value": 5032318720.512321,
      "per_share_value": 12.588688020366371,
      "margin_of_safety": -0.6308291989432043,
      "assumptions": {
        "revenue_growth": 0.05560163441038779,
        "fcf_margin": 0.057141920494980646,
        "discount_rate": 0.1,
        "terminal_growth": 0.02
      }
    },
    "bull": {
      "enterprise_value": 10176024333.385313,
      "equity_value": 9894724333.385313,
      "per_share_value": 24.75232682953638,
      "margin_of_safety": 0.17058302674389275,
      "assumptions": {
        "revenue_growth": 0.09265149843816145,
        "fcf_margin": 0.07714192049498064,
        "discount_rate": 0.09,
        "terminal_growth": 0.025
      }
    },
    "bear": {
      "enterprise_value": 2598258563.6290607,
      "equity_value": 2316958563.6290607,
      "per_share_value": 5.796029650258917,
      "margin_of_safety": -2.5420798786084364,
      "assumptions": {
        "revenue_growth": 0.024997961653807632,
        "fcf_margin": 0.03714192049498065,
        "discount_rate": 0.11,
        "terminal_growth": 0.015
      }
    }
  },
  "valuation_table": "| Scenario | Implied Value/Share | Margin of Safety |\n| --- | --- | --- |\n| Base | $12.59 | -63.1% |\n| Bull | $24.75 | 17.1% |\n| Bear | $5.80 | -254.2% |"
}